Aged_Debt,=Input!$AB$3,
CEE_Insured_Amount,=Input!$X$3,
Commodity,=Input!$D$3,
Contract_Data_Start,=Input!$B$3,
Contract_Number,=Input!$A$3,
Counter_Party,=Input!$B$3,
Credit_Rating,=Input!$J$3,
Cust_ID,=Input!$OV$3,
Error_Log,=Error_Log!$A$2,
Export_Directory,=Input!$H$1,
Flex_Fix,=Input!$I$3,
Import_Export,=Input!$E$3,
Loss_Given_Default,=Input!$M$3:$O$3,
M1_,=Input!$AC$3,
Mitigations,=Input!$P$3:$Y$3,
Modified?,=Input!$K$1,
Read_In_Directory,=Input!$E$1,
SE_Insured_Amount,=Input!$U$3,
Security_Deposit,=Input!$S$3,
Settlement_Exposures,=Input!$Z$3:$AB$3,
Unsecured_Settlements_Exposure__Days,=Input!$AA$3,
Uplift,=Input!$Z$3,
Year_1,=Input!$OK$3,
